<?xml version="1.0" encoding="UTF-8"?>
<project-private xmlns="http://www.netbeans.org/ns/project-private/1">
    <editor-bookmarks xmlns="http://www.netbeans.org/ns/editor-bookmarks/2" lastBookmarkId="0"/>
    <open-files xmlns="http://www.netbeans.org/ns/projectui-open-files/2">
        <group>
            <file>file:/C:/DATA/TOOLS/_HWtools/CURIOSITY_boards/Curiosity_HPC/SDcardclick_HPC_201227/SDcard_click_46K42.X/mcc_generated_files/spi1.h</file>
            <file>file:/C:/DATA/TOOLS/_HWtools/CURIOSITY_boards/Curiosity_HPC/SDcardclick_HPC_201227/SDcard_click_46K42.X/mcc_generated_files/drivers/spi_master.c</file>
            <file>file:/C:/DATA/TOOLS/_HWtools/CURIOSITY_boards/Curiosity_HPC/SDcardclick_HPC_201227/SDcard_click_46K42.X/main.c</file>
            <file>file:/C:/DATA/TOOLS/_HWtools/CURIOSITY_boards/Curiosity_HPC/SDcardclick_HPC_201227/SDcard_click_46K42.X/mcc_generated_files/fatfs/ff.h</file>
            <file>file:/C:/DATA/TOOLS/_HWtools/CURIOSITY_boards/Curiosity_HPC/SDcardclick_HPC_201227/SDcard_click_46K42.X/mcc_generated_files/fatfs/ff.c</file>
        </group>
    </open-files>
</project-private>
